epoch,time,train/loss,metrics/accuracy_top1,metrics/accuracy_top5,val/loss,lr/pg0,lr/pg1,lr/pg2
1,273.976,2.43038,0.53125,0.95486,2.15847,0.00020544,0.00020544,0.00020544
2,548.038,1.81061,0.94792,1,0.4521,0.000400119,0.000400119,0.000400119
